,v
0,"[0, 0.0070718488048349595, 0.00723983211316438, 0.007439047795380448, 0.0076880509161300955, 0.008023756142401469, 0.008519860012616632, 0.009296054694780316, 0.010413519297619115, 0.011685933495130337, 0.012126952999952832, 0.012465187219759907, 0.012812056929094793, 0.013166309055686911, 0.013526191876121182, 0.013887688202605858, 0.014229616905117638, 0.014553044478799834, 0.014888828771319808, 0.015244661929971495, 0.015591259059790454, 0.016301139888530713, 0.01751325510603062, 0.019058739661374512, 0.01990771934114429, 0.02007020904111477, 0.020036793504902034, 0.020514154620977495, 0.015154199184015064, 0.022038735260329265, 0.008892095026781942, 0.02395048052195876, 0.009673357997828542, 0.018672875487241482, 0.0152785186533532, 0.013398480627786367, 0.01580568634723981, 0.010367694790172896, 0.00881827142704718, 0.015358410867283427, 0.020852401668022696, 0.01700901269420727, 0.021709437571693416, 0.012087979208962332, 0.004848508879886926, 0.015369520102367746, 0.021284237797995265, 0.009558982493778422, 0.007154947459471867, 0.013096700780713835, 0.02071489604740339, 0.008581548506632258, 0.008074586587651231, 0.012776648279305412, 0.018061012257531327, 0.00977706648626762, 0.007640907377443006, 0.014550904981010054, 0.02026744808300977, 0.008699294126244152]"
1,"[0, 0.00874490440049931, 0.008628268984081158, 0.008530419749937833, 0.008459843027088035, 0.008444287819515747, 0.00854116139705569, 0.008834599246732838, 0.009325942779431651, 0.009790476026063975, 0.009431937729569585, 0.008984969874491485, 0.00855248278892603, 0.008136545459193772, 0.007740186268187834, 0.007370356369840204, 0.007052187763256796, 0.006776885344343574, 0.0065389951688049975, 0.006376259827768037, 0.006371719202525281, 0.006451785656812257, 0.006746414609521213, 0.007050630839699265, 0.007344605661939511, 0.007018482129601229, 0.007389420232057546, 0.005957205403907463, 0.00788965017065682, 0.0027099891691543866, 0.015550835059517244, 0.0060003373892816925, 0.016064959263695198, 0.010931508522953935, 0.019777555853098497, 0.009135933275293188, 0.013381432810558487, 0.00785043064166557, 0.003358581558308771, 0.01578828216467714, 0.018135270401692844, 0.01287802304790323, 0.014996482451541383, 0.009946315398903652, 0.004597004336020675, 0.01139362460884714, 0.018143716048861055, 0.008327716520737228, 0.0019116058238018692, 0.01054254645936568, 0.017175775968643055, 0.008033919619072375, 0.0031767113934302424, 0.010442484031017921, 0.016218164975202683, 0.008687961794526348, 0.004867144126099525, 0.012583944045175821, 0.017696077019103064, 0.008003302076317635]"
2,"[0, 0.008133053640509195, 0.008251412492835812, 0.008399426782376446, 0.008595527938514388, 0.008876879324980566, 0.009318014745969461, 0.010037334571836642, 0.011079103357577934, 0.012213697111993653, 0.012395029780606193, 0.012400897559442833, 0.012316118496635315, 0.012113117411031467, 0.011854341621240602, 0.011651750337907423, 0.011534995434346067, 0.011489606828022317, 0.011501674274621367, 0.011576494008101075, 0.011763754889570337, 0.0122118825260401, 0.013092798895633011, 0.014129638181170225, 0.014933254994578524, 0.014884920817038048, 0.015414345746541734, 0.015032313681237879, 0.013074863421378456, 0.013769817314625772, 0.012254447099527242, 0.013892581322850624, 0.011388015412148322, 0.014172151452410905, 0.011620361993717732, 0.006808441774889153, 0.009257069816100817, 0.005295714766599539, 0.008062650589484252, 0.012472948156431516, 0.017565156247889655, 0.009963514758043449, 0.00863714251499431, 0.008203262784766067, 0.0013434313272579351, 0.009203967080934168, 0.01648477601985745, 0.006877491459690096, 0.0028009415343501747, 0.00908131775386558, 0.01595531826416917, 0.006475421475690618, 0.002557590516936728, 0.008870747905698917, 0.015103532454275894, 0.00620337220467038, 0.004274413308622238, 0.009275979699850771, 0.01373291395273657, 0.007716188158774622]"
3,"[0, 0.012672720039468939, 0.012850482145603226, 0.013072861920079453, 0.013368346986424046, 0.013794460352252383, 0.01446649958632419, 0.01556723712561939, 0.01716391512265317, 0.01890182469535487, 0.019174930949259955, 0.01921918304504054, 0.019220382278747075, 0.019176828278275448, 0.019083857746621635, 0.018932047698700518, 0.018705056585432013, 0.018398293591465085, 0.018035247700887654, 0.017704851333850444, 0.01756634407270399, 0.01786940529600999, 0.018822410744850318, 0.019969462670073736, 0.02070309418557562, 0.020185616465645994, 0.020316314798442654, 0.019199406388696723, 0.01590405442943599, 0.016230294708070855, 0.013084436126094952, 0.014633569693930482, 0.00908354948172257, 0.013184337874265345, 0.008907085934972966, 0.00889033932483019, 0.009581824042244053, 0.007919897636026367, 0.0034272881990943115, 0.016261442883433543, 0.018281970509835162, 0.012970251028497855, 0.015039658287249647, 0.009959342902191757, 0.004440009050792012, 0.011478776272614117, 0.018102273954726286, 0.008471649069610673, 0.002347926894528617, 0.011399969795019036, 0.017117042735800343, 0.008167533494798918, 0.0039802119486627065, 0.01071284331574327, 0.01630108908700363, 0.00869091868848326, 0.004408549476288449, 0.01257347450275116, 0.017669504183289594, 0.008054322627008911]"
4,"[0, 0.0029134617793262264, 0.0028243200086171152, 0.002737092232271316, 0.002655774432215299, 0.0025880080996813215, 0.002548201782110047, 0.0025551547175867413, 0.0025996122244122486, 0.0026106331146508637, 0.0023838677128734066, 0.002136760722917234, 0.0018975337404396851, 0.0016704317004535938, 0.0014647612448101743, 0.001296689689726211, 0.0011908056116939287, 0.001144190010711822, 0.0011600945537219786, 0.0012359711478845251, 0.0013578856692792272, 0.0015453032735433477, 0.0018390486605635982, 0.0022264603373885247, 0.002658852553727228, 0.003047685372031216, 0.0036284052306365918, 0.004369337417302511, 0.004343463069388185, 0.005418180768351419, 0.005163110779912022, 0.0076300019290901485, 0.0070059103856832715, 0.008513704567179814, 0.008086639041129506, 0.005334081544059305, 0.006966834633957174, 0.0067355589885462145, 0.004636585646803077, 0.009008045840529461, 0.01762110673121639, 0.008027277209378621, 0.014672721129729728, 0.005743284903713678, 0.0015785103193206214, 0.009911128405430453, 0.01494009011926506, 0.007703761278735105, 0.001147589839119061, 0.010649526873644793, 0.013361364696126369, 0.0074687913516896225, 0.006668939844535486, 0.010926429530893412, 0.013246375547830713, 0.008070059856917437, 0.004478906778684595, 0.010340177216429011, 0.013117317275291569, 0.007973282319232042]"
5,"[0, 0.021120275297104685, 0.02112647751715436, 0.021123200856045368, 0.021107721946120445, 0.02108123231305056, 0.021061806399044418, 0.021116996448197183, 0.02138192257218075, 0.021910396787267677, 0.021167208857160103, 0.020471787273901698, 0.019808999572647566, 0.019104585523471915, 0.01834012375489947, 0.017510469191768192, 0.0166114029301063, 0.01564260704709164, 0.01419850873355757, 0.009377594255431146, 0.010396419523728936, 0.008975414832950966, 0.013420946412216684, 0.007431291417741161, 0.015378314748920709, 0.006727255836020379, 0.019058117540296484, 0.007462416298951905, 0.023018650930870712, 0.013246534142914192, 0.02349899865916151, 0.018186184540386504, 0.02474616974876989, 0.01346809691393929, 0.027286771614387785, 0.020517297626740892, 0.020479677307277774, 0.020000039237600957, 0.020003928430746328, 0.026561533088599272, 0.02140287206167034, 0.02769124101609742, 0.023618308369149663, 0.02168700377705966, 0.02132592327352248, 0.022019208337775282, 0.020778697642401575, 0.02201651153525201, 0.02225215210190173, 0.019851645028896126, 0.020216106732120997, 0.02008830709853546, 0.0208545993614075, 0.02174969732666766, 0.019569320911480764, 0.020647991322675488, 0.021084316365200702, 0.020753154467459855, 0.020264086404132662, 0.02088676529127612]"
6,"[0, 0.006874095172092104, 0.0070096359047785075, 0.007170585021938968, 0.0073742083837991055, 0.007655189824766645, 0.008082376972710617, 0.008765824414614168, 0.009756444426396739, 0.010870241999352253, 0.011187041493757504, 0.011395273562333533, 0.011598525889644325, 0.011796248488522744, 0.011988462474061023, 0.012175970241670584, 0.012354406897464424, 0.012519630422250301, 0.012693314502012432, 0.012895656891279028, 0.0131369918039724, 0.013632585905927261, 0.014530985133841228, 0.01561896244356699, 0.01626097649997526, 0.016126441073591687, 0.016536407219888694, 0.016320593583189866, 0.013949813602332984, 0.015919761491717137, 0.013095377588128345, 0.01896235409238327, 0.013101042255234629, 0.022606692058823746, 0.01657910042533853, 0.014212388453947343, 0.015465918754256385, 0.010601162805522974, 0.0020923483310652823, 0.018671738230412835, 0.02010787051626928, 0.018615329549800656, 0.02224079626730437, 0.016673861968136163, 0.019296012959740528, 0.016991952027924417, 0.02166422796155629, 0.011627178249730866, 0.01135823207139409, 0.02113921055304195, 0.020038978074775733, 0.012838677543619316, 0.01764311553659769, 0.018278768042838782, 0.02117496788482726, 0.010260694260109955, 0.009404267269966139, 0.017283410681255464, 0.01935866755870238, 0.011205985849246118]"
7,"[0, 0.006896343125992266, 0.007071388057100743, 0.007303072137732085, 0.0076587016997888575, 0.008240616841460005, 0.009197373512219772, 0.010679861487992699, 0.012586424787077631, 0.014405463938071435, 0.014890471013526752, 0.015109072562166965, 0.015291423131868494, 0.015461120538900862, 0.0156255226028099, 0.015789630566130978, 0.015957184363511547, 0.01612662020726917, 0.01631944915157464, 0.01656661380436445, 0.01692935108418381, 0.01763436345509439, 0.018914126968773103, 0.020367093143582655, 0.021266394540728803, 0.020903217762598365, 0.017712117275918617, 0.01782230550266757, 0.009986833493904172, 0.022333640073560125, 0.009172792046946944, 0.02318554524351067, 0.009394594837271415, 0.013793261006400999, 0.013993976990296612, 0.013195632758556047, 0.015345577827336539, 0.00986535163485898, 0.006771677589425251, 0.01478433260976375, 0.020482357272142263, 0.016768998566170305, 0.021689508495789118, 0.012266520948828234, 0.008650542835542119, 0.015117378377105002, 0.020503888339840855, 0.009874467303031013, 0.006695842932328473, 0.0157334326090229, 0.019328356226398502, 0.009378036771760443, 0.010779708506490994, 0.01738707886488594, 0.017593427762675508, 0.01005539064555299, 0.01101697698850053, 0.015057364762900287, 0.02113650732937822, 0.008484864762810589]"
8,"[0, 0.0013506982106677753, 0.0014197705777221337, 0.001503441677212342, 0.0016047434280581359, 0.0017312835985243914, 0.0019000032344556475, 0.0021406187244277963, 0.002472190455818422, 0.002853773437207823, 0.0030368218333140812, 0.0031850117726795768, 0.003325556925167718, 0.0034584763161390774, 0.0035836371210632312, 0.003700714019396945, 0.0038069893741499924, 0.003905005623000976, 0.0040019673749547525, 0.0041039806821654415, 0.004222964319053989, 0.00443325226557352, 0.004791100019367209, 0.00521115062149107, 0.0055149488437934826, 0.005516529363635387, 0.005683019079855514, 0.005528224099024176, 0.0047445832854343195, 0.004959607442697656, 0.0043282605630404125, 0.0048727813324242406, 0.0038529276108220894, 0.004778253784249057, 0.0036896529153064616, 0.0022911311153140193, 0.0031083707111528185, 0.0017616795579058389, 0.0029259993397230647, 0.003395408481028472, 0.003239251778323928, 0.002378892652882476, 0.0036083716679529924, 0.0018139915951222731, 0.0032456103080193074, 0.0029380259454696066, 0.0029005719293257503, 0.0016978126909679538, 0.003181515771044717, 0.0035042303046936476, 0.002888191268044541, 0.0015638749509645368, 0.003012028041493168, 0.0032448225552078017, 0.002725600979883686, 0.0016341788456041284, 0.002961574428758716, 0.0029218889411579815, 0.0027285722465919208, 0.0015615683989516182]"
9,"[0, 0.0017211474645932824, 0.0018662232769760187, 0.0020560915851543676, 0.0022841962051760698, 0.0025600849883081374, 0.0029120033552117765, 0.0033929291769228057, 0.004044228000644302, 0.004808189708794882, 0.005258119747939064, 0.00564704526657574, 0.006021577952499759, 0.006381992856920533, 0.006726861831311653, 0.007052135094307167, 0.007337269912708648, 0.007589017185693953, 0.007831845974644747, 0.008064896520957127, 0.008263805521314112, 0.008675329780412347, 0.009365513429263669, 0.010247394166385851, 0.0107551897914462, 0.010875171002756059, 0.010996950694898396, 0.011125532074937283, 0.00900562949874311, 0.010707307210164668, 0.0075475971464843946, 0.011801623409004208, 0.0057949701822541215, 0.01292742130804711, 0.005693580028698413, 0.010153321351600244, 0.010222969256630233, 0.009025962132450889, 0.004994215801167317, 0.01030732975779816, 0.019371510904129023, 0.010170152203871219, 0.0162602326068815, 0.0070325418800353135, 0.0031396065861188684, 0.012379277534242481, 0.015048345946926394, 0.009872364146084162, 0.00916771615023064, 0.013045954794952588, 0.016419395270278362, 0.00740308100632926, 0.003141053521810759, 0.010119152732375075, 0.013509892344056706, 0.009009452106051035, 0.007476375323983756, 0.011767198769171039, 0.015599887662904021, 0.008055825547586094]"
10,"[0, 0.005151009317977218, 0.005061512408157646, 0.0050362901892256045, 0.005142920606090554, 0.005457411087573202, 0.006035920202270858, 0.0069242467837548624, 0.008127686601592509, 0.009465548207923773, 0.010074670816728182, 0.01050255542248583, 0.01087797926061618, 0.011231716721640762, 0.011584493040196856, 0.011949402730592753, 0.012336783999840312, 0.012743013948659045, 0.013137862012268799, 0.013538215436436159, 0.014027247887393018, 0.014636202805266566, 0.01585273202795316, 0.017079394020537254, 0.018813998475932445, 0.01734635859391834, 0.020653707050660598, 0.01771352797140653, 0.017675490540531157, 0.01612952242286929, 0.01660483256333489, 0.01554417912207003, 0.015623908049473919, 0.015016364770648945, 0.015811432612906042, 0.00828645499211121, 0.011968549135832455, 0.007665147765497627, 0.007833647874983815, 0.013277840881366892, 0.01630721452957519, 0.010924747768027605, 0.012862588098469768, 0.008880836361500215, 0.0037081791668006855, 0.009334038926802771, 0.016730854553544085, 0.006535082380203163, 0.0049232990376665, 0.007758587606043859, 0.016109535282069556, 0.006457946677281505, 0.001979256471527766, 0.008981988755078843, 0.015126751271770333, 0.0063877719932846945, 0.0038623153070893954, 0.00940645560206965, 0.013870817429848989, 0.007755582863362693]"
11,"[0, 0.004283580848296409, 0.004523494539011927, 0.0047900983448682976, 0.005095131808130287, 0.005463598740246032, 0.005948188246081995, 0.006638648078191245, 0.007587355753712311, 0.008659034709890294, 0.009097437032588349, 0.009414210329894729, 0.00969599454759504, 0.009948696613141026, 0.010178376734578883, 0.010390673688875496, 0.010589664851049407, 0.01078680937414763, 0.010995443512932353, 0.011236394051052333, 0.011564043696792623, 0.01214011344683772, 0.013141891599364493, 0.014310154685002973, 0.015224212707163197, 0.0152724116257852, 0.01584367839899332, 0.015455978702072229, 0.013380879110681386, 0.014005576629422478, 0.012329173167228435, 0.013907543490278902, 0.011054759679045586, 0.013802824192101378, 0.010654659250513987, 0.0066890263045205536, 0.009082844514699413, 0.005180708441420914, 0.00862140438119074, 0.010035422207041766, 0.009725918328422593, 0.007079585415677688, 0.010855041610546099, 0.00543916731208207, 0.009769429651009954, 0.00886468216276993, 0.008791795095189379, 0.005130156604134084, 0.009665321770057193, 0.010674827680065578, 0.009038328663457804, 0.00478945330282652, 0.00925149270574453, 0.009993230717794838, 0.008694781402853008, 0.005079870669147367, 0.009048901491378885, 0.009013082067864607, 0.009723335135599644, 0.005276704326403257]"
12,"[0, 0.0036305242896086153, 0.0036313138074807994, 0.003640170881887813, 0.003663873488199217, 0.003715960078737331, 0.0038231926750465993, 0.004025598226371841, 0.004326565148630569, 0.0046196078260389095, 0.004508694510689829, 0.004314099189202847, 0.0040968765981078984, 0.003942879547812458, 0.003962828066790161, 0.0041260453985160605, 0.00434553855901286, 0.004569366729702644, 0.004780160081299673, 0.004959126387852891, 0.005102461086109894, 0.005290850881735567, 0.005610229981257631, 0.005979191191992963, 0.006169126761287424, 0.0060250739851148115, 0.006040462697738497, 0.005705661494576528, 0.004828736693370199, 0.004899670012193782, 0.004239365608033304, 0.0047023842739642935, 0.0036571914259806047, 0.004543625628450815, 0.003455244988240088, 0.002168448497477616, 0.00292388515579356, 0.0016635801410424614, 0.0027582734446169118, 0.003205968156817327, 0.0033365427542298197, 0.0022760532357091402, 0.003518638337559899, 0.0017316499669138932, 0.0030613089737991446, 0.0027497722106123515, 0.002669350307961033, 0.0015826705748673028, 0.0029602095250601803, 0.003252658439608174, 0.0026827783080645667, 0.0014400499338580366, 0.0027879833556471788, 0.002986163104096899, 0.0024833815406989294, 0.0014985974459564748, 0.0027249708568260556, 0.0026690551416321388, 0.002631107433522214, 0.0014199000370863034]"
13,"[0, 0.0014909021917340669, 0.0015441159811653467, 0.001625321796610328, 0.0017384794795855813, 0.001892408096350271, 0.0021071195774604815, 0.0024196915576424924, 0.002860220803227983, 0.00339169041646668, 0.003715070029709007, 0.0040038366611845465, 0.004286016585358508, 0.0045605123571723005, 0.004827753168667992, 0.005090314504169154, 0.005353235999129516, 0.005633264975370439, 0.0059575087278479185, 0.0063830770481421994, 0.007049509340360986, 0.008257281237482518, 0.010210639779320357, 0.012174132336075739, 0.013487994162597034, 0.013786601787761948, 0.014474270827833471, 0.014260508945237234, 0.012511514239571109, 0.013198061352079248, 0.011756888644788445, 0.01328313959361357, 0.010743210722044195, 0.013221743851140198, 0.010515190558945807, 0.006381846236665176, 0.00887915184756442, 0.005129200222937043, 0.008027859622274402, 0.009138437553258718, 0.01723514117922642, 0.00699386778373656, 0.003052047646092953, 0.007820673340294425, 0.00224453440190288, 0.01057913109149812, 0.014704178361440999, 0.009107174571816675, 0.006154532450470444, 0.01184046487221512, 0.014975896682957342, 0.00735630862681457, 0.004012222302934067, 0.01174553303942892, 0.012185977411013751, 0.008915498093230742, 0.00730985082214203, 0.010581025502251052, 0.013974201443163279, 0.008290851183648746]"
14,"[0, 0.006676750825789462, 0.006654431014198051, 0.006652213438508591, 0.0066833565217958866, 0.006774480394683253, 0.006978322751565072, 0.007376258322530563, 0.007991331724584015, 0.008654308837897286, 0.008645115123137868, 0.008555588278213299, 0.008471838988162011, 0.008396175076388257, 0.008332037119035731, 0.008283868744211121, 0.00826253128757581, 0.008271277073144564, 0.008309677603123206, 0.008399008741943458, 0.008607342137452326, 0.008984758877766914, 0.009690637596806792, 0.010485006354461559, 0.011191494853239854, 0.011159244697955909, 0.01169583243553557, 0.01121300705794913, 0.009986828422761215, 0.009931438109864946, 0.009557799435891861, 0.0096620244884882, 0.008943955476602978, 0.00956874084497181, 0.00889735766778993, 0.004513309657008937, 0.007254412389570219, 0.003540592976890469, 0.006621404023653908, 0.006678982441390816, 0.012067619339599916, 0.009934297351416805, 0.011207106780191158, 0.008927343246604696, 0.009763039006137633, 0.00851945606238626, 0.015724412763676948, 0.006121349748171178, 0.005046894283798843, 0.008236253790137324, 0.01536686531039651, 0.005907944968595729, 0.003175025105944049, 0.007744506751855946, 0.01482106344920351, 0.004813709954027418, 0.005258363725585705, 0.010052404323529576, 0.013186794864620372, 0.007275815461821488]"
15,"[0, 0.008354393116321909, 0.008078704112648211, 0.00780233424603446, 0.007528562254216711, 0.007269696371984228, 0.007059346876489244, 0.00695661008741579, 0.006978235440077738, 0.007020531809880518, 0.0065971867958406726, 0.0062334277785903135, 0.005938030231880443, 0.005676687835778058, 0.005433891421099849, 0.005198577157343687, 0.0049584719895164045, 0.0047504222516128, 0.004557809761232163, 0.004353207746212421, 0.004198773104729436, 0.004138205892796529, 0.004296313794145113, 0.004261494242665628, 0.0046320938792038914, 0.0040301782764567955, 0.004929583009587387, 0.004632053676451896, 0.009349873647626007, 0.0070990437756219245, 0.017803638240911853, 0.008349889822410672, 0.01709347274574367, 0.012336938960197158, 0.020730002643236402, 0.010107313673587172, 0.014870735718735005, 0.008785817098943174, 0.0028490665884642993, 0.01738863489456085, 0.019156749652543287, 0.013888630758741942, 0.016102654040854085, 0.010553125501511619, 0.004323537297146505, 0.012599314563725332, 0.01849644401476679, 0.009691361357921315, 0.006764224253345039, 0.014602199309475367, 0.017952632587153995, 0.00855916822358167, 0.003119634385020877, 0.011233164967915751, 0.01681184178831642, 0.009816391006637688, 0.009747092055302643, 0.013882087405534753, 0.019906774945313094, 0.008382066138624312]"
16,"[0, 0.014927191146784462, 0.015061920686403702, 0.015239702891364844, 0.015493326027288139, 0.01588861508481178, 0.016556117960170973, 0.017699761502756876, 0.019387948300132372, 0.021217007808303087, 0.021405066035899832, 0.021371765747786327, 0.021331198488370538, 0.0212857718396679, 0.02123636186748814, 0.021182017560952705, 0.021118825595163433, 0.021048125180185295, 0.02096776867649372, 0.020870388392821442, 0.020750722402990637, 0.020641937136272687, 0.02062189554181348, 0.020748317333158784, 0.020872948633542675, 0.020012629942808988, 0.01978065183848539, 0.017164512658538786, 0.01676272581346647, 0.014210521325740138, 0.015509236790514053, 0.012747479261421914, 0.011656925957765204, 0.013844588212602827, 0.011621351845811614, 0.009505429147886334, 0.012856107297918293, 0.008517610153438548, 0.004228021741313599, 0.016842850459187906, 0.019263451338617066, 0.013650108959395087, 0.015891697691521243, 0.010332542522083793, 0.005280574346255132, 0.012417422924811624, 0.018413116677917025, 0.009677017105166146, 0.0067636636241721814, 0.014487565190158808, 0.01791486073308129, 0.00851858896924542, 0.003244784681510336, 0.011185751856489836, 0.016785755412261103, 0.009747314063496737, 0.009420774435582865, 0.013811929119458052, 0.019807865714911495, 0.00835317289450384]"
17,"[0, 0.00846847513934983, 0.008628597727740727, 0.008774694152487491, 0.008903390374747942, 0.009040080890808842, 0.009270859543151945, 0.009741813354809394, 0.010525296355278543, 0.011440051461425967, 0.011563406717454525, 0.011653211099826904, 0.011788188445839213, 0.011943220678251782, 0.01210159008174025, 0.01225216686720357, 0.0123746436997698, 0.012479249809136433, 0.012642060766943469, 0.012898148420070529, 0.013263488961368275, 0.01414026938152784, 0.015438673224590974, 0.017233877272037918, 0.017888672247551085, 0.01990158684646093, 0.018306574667314578, 0.020575747597971154, 0.015400556257735452, 0.018824749673322278, 0.014798350314958013, 0.020161139605887432, 0.013747373892410066, 0.02241183860542433, 0.016120118031556073, 0.014029271257935067, 0.015009215069602524, 0.010543308934832926, 0.0014466211416345972, 0.016811791982077266, 0.020173504290453167, 0.019947302518487413, 0.021961239436056934, 0.01569241043498217, 0.01917816266638, 0.016650047499291772, 0.021668365114720835, 0.011196625250145267, 0.010183974266201039, 0.02040605910003261, 0.019974675391490795, 0.012007269925791413, 0.017045336503458748, 0.018230408680396305, 0.0209919676430248, 0.010099077032197238, 0.009340503766453985, 0.016954426691357195, 0.01920960679644102, 0.010889964629883814]"
18,"[0, 0.014783470115893661, 0.014374451450172646, 0.014067061753228473, 0.013907510730915614, 0.013940662678368139, 0.014249986909732398, 0.014970948425827708, 0.016111645803138213, 0.017278673429048253, 0.016999387983651214, 0.016478033946446584, 0.015892412555173884, 0.015240047806354039, 0.014422545095417641, 0.012254675176529372, 0.009508893889713012, 0.008769218457091542, 0.008343014803208678, 0.007953777093040345, 0.007873692879407946, 0.007958857663669711, 0.008734498271352453, 0.00843964798510339, 0.010557507032676775, 0.007929713967724863, 0.011821503342505178, 0.011360618964557999, 0.01259496216985311, 0.008685991477244045, 0.020698506339220914, 0.01304004655341432, 0.02135951893559893, 0.007946437113168212, 0.02391162467278164, 0.0136228490294701, 0.016609557314409665, 0.012856818703794551, 0.013369199944226634, 0.019471805799925832, 0.026780495748924993, 0.015319525310017986, 0.012198297845760443, 0.012261746108052172, 0.006579093083027297, 0.010359371272037, 0.021461433333975998, 0.011562678178377831, 0.012525555361995908, 0.019063248657716452, 0.02055889822124425, 0.010286056963648553, 0.00836648834952308, 0.017046828919126497, 0.02019454657428071, 0.01049242522013012, 0.012368467909989108, 0.01819103208705718, 0.019236289801559968, 0.011851193895083]"
19,"[0, 0.00918315574527077, 0.009230594706504574, 0.009303616862658159, 0.009420769071011545, 0.009619686377593646, 0.00997541930774235, 0.010603712083066211, 0.011533022608189282, 0.012506146993731425, 0.012469206258404118, 0.012281050070980392, 0.01207444498457087, 0.011857422180202144, 0.011637208282382539, 0.01141879374368477, 0.01120418761273923, 0.011004037004999844, 0.0108291198341294, 0.010695235770508562, 0.010647863400242548, 0.010822592293429622, 0.011340447062627509, 0.011921395792028949, 0.012174908570570195, 0.011636195206082842, 0.01132180343505999, 0.010206317857819861, 0.007760466576836767, 0.007712569089187461, 0.005998756489713954, 0.007650245180824753, 0.006832695962155557, 0.010921098340080539, 0.009515524804595754, 0.00734053952096829, 0.009795301929596822, 0.00717827266720977, 0.003257081553384902, 0.015208149349444419, 0.017135134434624583, 0.012214644642672775, 0.014051455915236589, 0.009605736746944357, 0.004595624493631318, 0.010350935590620702, 0.017839619497505007, 0.0072187728068499445, 0.004861791326751354, 0.0067001507827710765, 0.01719665263238292, 0.006787664831626969, 0.0015642070298629736, 0.00881011709712708, 0.015439905633836182, 0.007969291237331174, 0.0040560316213007555, 0.011674402922991448, 0.01608657501556036, 0.007849210609912506]"
20,"[0, 0.000800536651480166, 0.0008573017392151661, 0.000920692213494112, 0.0009936103474769142, 0.0010819802590087413, 0.0011980226251484538, 0.0013630687757878457, 0.0015932465792328765, 0.0018659509230593008, 0.0020173582820358638, 0.002149605672310706, 0.0022815482617862815, 0.002414869278251519, 0.0025508729567641497, 0.0026906451380045437, 0.002838468019478624, 0.0030022914077186824, 0.0031786498994437196, 0.0033740589213465677, 0.0036257695789926325, 0.003963824431866603, 0.004476247485502793, 0.005055680483910363, 0.005633981536485533, 0.005842135621639377, 0.00633611380945498, 0.006314708093728139, 0.005676801469958193, 0.0055391687037151804, 0.0, 0.0, 0.0, 0.0, 0.0, 0.0, 0.0, 0.0, 0.0, 0.0, 0.0, 0.0, 0.0, 0.0, 0.0, 0.0, 0.0, 0.0, 0.0, 0.0, 0.0, 0.0, 0.0, 0.0, 0.0, 0.0, 0.0, 0.0, 0.0, 0.0]"
21,"[0, 0.0031482822180506458, 0.0031198760544090026, 0.0030962545499126385, 0.0030825120406220816, 0.0030888448313119527, 0.00313541772787048, 0.0032517468138513915, 0.00343714544500873, 0.0036091244429826033, 0.0034741469168919144, 0.003299240169427041, 0.003116145735294409, 0.002921301665255426, 0.0027145105877285788, 0.0025036014025700227, 0.0023167516348038333, 0.002115197764414449, 0.0019054008231655691, 0.0017363716513597758, 0.0016350336225406411, 0.0014979173936645878, 0.0013338469716411355, 0.0012142762171645758, 0.0009508045471709301, 0.0006729218447977217, 0.0006127023936212223, 0.003630022609470472, 0.001426832404723132, 0.003772797704052477, 0.002686868235653209, 0.003139432861124329, 0.0012676031232989275, 0.0015771646512726116, 0.0010659577943372914, 0.0005598171202387765, 0.0012611834966201646, 0.0011445354481272704, 0.0009507037251164284, 0.0015388816280996517, 0.004730295713985653, 0.002111389714662101, 0.0032640250132972655, 0.0017186053875111174, 0.0014798250239196776, 0.0007957005336942758, 0.001492311239617842, 0.0005934032808636888, 0.0009598862579207929, 0.0011144338522927491, 0.0021789782504127403, 0.0007210743354078914, 0.0009814597517450749, 0.0010171127587387853, 0.0013889087083236757, 0.0006453210598704941, 0.000988909156199032, 0.0011000183755404322, 0.002445533129870415, 0.0009518885542620898]"
22,"[0, 0.00596998518389328, 0.006033412313736234, 0.006106893361971724, 0.006195063276293037, 0.006308493270571616, 0.006471628100626267, 0.006721432487135389, 0.0070328513329201165, 0.007240802246526738, 0.006820049449989016, 0.006365465735591976, 0.005907587756285136, 0.005339536146102673, 0.004382769480988123, 0.0033979145716037714, 0.005290934797604276, 0.005651115536716971, 0.00611265392410669, 0.010681558633649604, 0.009748030389569576, 0.011604639681331809, 0.008028961552000495, 0.01531046330597353, 0.007175218565376555, 0.01553053332169606, 0.005097492529194642, 0.013063339052794193, 0.006082445186543992, 0.012432216518200492, 0.004394527515904317, 0.012576039458481644, 0.004123365440630677, 0.012155126983879978, 0.004342861317696861, 0.005485102563694693, 0.006439251435592193, 0.005413487929735273, 0.004141883715115696, 0.007751185695655883, 0.01881970656941042, 0.006011963501004027, 0.006317421651668215, 0.00687192085931823, 0.0037092226630002787, 0.0104024925212432, 0.01363104366093154, 0.009032326909122286, 0.006006066829880777, 0.010545590589282821, 0.01364144360539446, 0.0073230865207681815, 0.005546260530315715, 0.010901656698421757, 0.013106427396167313, 0.008307062309993533, 0.004262094777276941, 0.009892385834004102, 0.013196595198316723, 0.00809879747591174]"
23,"[0, 0.0038171950274938074, 0.003993336632018194, 0.0041924795497539835, 0.004425844600663118, 0.004716335527320845, 0.005110797978761919, 0.00568815288764848, 0.006496893130127252, 0.007428903484081601, 0.007844247120762596, 0.008180470493384063, 0.00850983667451761, 0.008834428961604997, 0.009156187025386713, 0.009476810622345263, 0.00979451207664189, 0.01012424205416096, 0.010482884708938796, 0.010890927097275831, 0.011405220418889644, 0.01223618600370092, 0.013592721942045798, 0.015222248547653937, 0.016612595903354718, 0.017103307661826966, 0.018216819205837377, 0.01925741602046335, 0.014259829108955768, 0.01784362771752915, 0.012242284565500996, 0.01715421038430391, 0.011967936659601918, 0.012953448258704738, 0.013347214284506685, 0.011662080493726109, 0.012646370331073497, 0.010066856770607655, 0.008416212374086398, 0.012031037646148976, 0.020941047876710243, 0.011628176512936595, 0.015100976183259864, 0.008392500666710432, 0.005232020133279862, 0.012284535018770495, 0.01653612744310123, 0.009837388242752989, 0.0094421189062696, 0.01498724592447063, 0.01802120022303574, 0.0077766304381537334, 0.0051283004651039325, 0.010461798839763831, 0.015750058960634725, 0.009055083493279069, 0.0054883412117269215, 0.012418998141726855, 0.017122886791425995, 0.008182295786027468]"
24,"[0, 0.002304038624353668, 0.001966126401254504, 0.0016139734078786127, 0.0012544256586198648, 0.0009108018796083196, 0.0006763894490977593, 0.0007947710599262798, 0.0013324040357843214, 0.002148249410471415, 0.0029461082304127035, 0.0037031544664067246, 0.00442449099863647, 0.005108157028153816, 0.005752845277064894, 0.006351570213362123, 0.006854901595658981, 0.0072713093458895125, 0.0076448498103489256, 0.007939598861037333, 0.00800996238480923, 0.008311151143333775, 0.008785018401332976, 0.009514509872868702, 0.009381425092421916, 0.009500595168685871, 0.008418029269228028, 0.010817022164088669, 0.002110893560956785, 0.01629848492684067, 0.008894013321887408, 0.020679213253742154, 0.008573698322589534, 0.01888260745187925, 0.012530640286927375, 0.012447725341456656, 0.012757710206127718, 0.010240716770915106, 0.010053659510855536, 0.012684013615703541, 0.020949711078740003, 0.011994093512836085, 0.015998636058558346, 0.008593580125620004, 0.005388526363994304, 0.011714238260378393, 0.016835544796323862, 0.009855816175124566, 0.009452346915120797, 0.015342674403320683, 0.018240963138063518, 0.007875015218791302, 0.005372651193758729, 0.010650715336821963, 0.016098717599146967, 0.009037209535683672, 0.005066434984508135, 0.012318325230947448, 0.01732156542352786, 0.008231755199680902]"
